Route ID,Town,Volunteer,Route Token,Stop,Request ID,Name,Address,Signs,Status,Reason,Created,Start,End,Active
DUX-20261008,Duxbury,Volunteer 1 Test,038f079bd9c968e4e621386b46e8f0cb,1,REQ-0009,Quinn Demoson,"288 Washington St, Duxbury, MA 02332",1,Planned,,2026-10-08 19:27,"878 Tremont St, Duxbury, MA 02332","878 Tremont St, Duxbury, MA 02332",Yes
DUX-20261008,Duxbury,Volunteer 1 Test,038f079bd9c968e4e621386b46e8f0cb,2,REQ-0010,Taylor Pilotson,"63 Depot St, Duxbury, MA 02332",2,Planned,,2026-10-08 19:27,"878 Tremont St, Duxbury, MA 02332","878 Tremont St, Duxbury, MA 02332",Yes
DUX-20261008,Duxbury,Volunteer 1 Test,038f079bd9c968e4e621386b46e8f0cb,3,REQ-0006,Hayden Sampleton,"130 Summer St, Duxbury, MA 02332",1,Planned,,2026-10-08 19:27,"878 Tremont St, Duxbury, MA 02332","878 Tremont St, Duxbury, MA 02332",Yes
DUX-20261008,Duxbury,Volunteer 1 Test,038f079bd9c968e4e621386b46e8f0cb,4,REQ-0018,Emerson Exampleton,"123 Union St, Duxbury, MA 02332",3,Planned,,2026-10-08 19:27,"878 Tremont St, Duxbury, MA 02332","878 Tremont St, Duxbury, MA 02332",Yes
DUX-20261008,Duxbury,Volunteer 1 Test,038f079bd9c968e4e621386b46e8f0cb,5,REQ-0005,Avery Placeholder,"179 Union St, Duxbury, MA 02332",1,Planned,,2026-10-08 19:27,"878 Tremont St, Duxbury, MA 02332","878 Tremont St, Duxbury, MA 02332",Yes
DUX-20261008,Duxbury,Volunteer 1 Test,038f079bd9c968e4e621386b46e8f0cb,6,REQ-0015,Robin Demoson,"182 Union St, Duxbury, MA 02332",2,Planned,,2026-10-08 19:27,"878 Tremont St, Duxbury, MA 02332","878 Tremont St, Duxbury, MA 02332",Yes
DUX-20261008,Duxbury,Volunteer 1 Test,038f079bd9c968e4e621386b46e8f0cb,7,REQ-0013,Robin Exampleton,"364 Lincoln St, Duxbury, MA 02332",1,Planned,,2026-10-08 19:27,"878 Tremont St, Duxbury, MA 02332","878 Tremont St, Duxbury, MA 02332",Yes
DUX-20261008,Duxbury,Volunteer 1 Test,038f079bd9c968e4e621386b46e8f0cb,,REQ-0001,Avery Placeholder,"316 Depot St, Duxbury, MA 02332",1,Unrouted,Address not matched by Census geocoder,2026-10-08 19:27,"878 Tremont St, Duxbury, MA 02332","878 Tremont St, Duxbury, MA 02332",Yes
DUX-20261008,Duxbury,Volunteer 1 Test,038f079bd9c968e4e621386b46e8f0cb,,REQ-0008,Reese Fakely,"71 Moonbeam Terrace, Duxbury, MA 02332",2,Unrouted,Address not matched by Census geocoder,2026-10-08 19:27,"878 Tremont St, Duxbury, MA 02332","878 Tremont St, Duxbury, MA 02332",Yes
DUX-20261008,Duxbury,Volunteer 1 Test,038f079bd9c968e4e621386b46e8f0cb,,REQ-0019,Sam Trialby,"325 Depot St, Duxbury, MA 02332",3,Unrouted,Address not matched by Census geocoder,2026-10-08 19:27,"878 Tremont St, Duxbury, MA 02332","878 Tremont St, Duxbury, MA 02332",Yes
HAL-20261008,Halifax,Volunteer 2 Test,bf8cae14694ee20e1dfd260200af7dbd,1,REQ-0021,Rowan Placeholder,"276 Elm St, Halifax, MA 02338",2,Planned,,2026-10-08 19:27,"499 Plymouth St, Halifax, MA 02338","499 Plymouth St, Halifax, MA 02338",Yes
HAL-20261008,Halifax,Volunteer 2 Test,bf8cae14694ee20e1dfd260200af7dbd,2,REQ-0028,Riley Synthwood,"343 Thompson St, Halifax, MA 02338",1,Planned,,2026-10-08 19:27,"499 Plymouth St, Halifax, MA 02338","499 Plymouth St, Halifax, MA 02338",Yes
HAL-20261008,Halifax,Volunteer 2 Test,bf8cae14694ee20e1dfd260200af7dbd,3,REQ-0023,Skyler Sampleton,"130 River St, Halifax, MA 02338",1,Planned,,2026-10-08 19:27,"499 Plymouth St, Halifax, MA 02338","499 Plymouth St, Halifax, MA 02338",Yes
HAL-20261008,Halifax,Volunteer 2 Test,bf8cae14694ee20e1dfd260200af7dbd,4,REQ-0025,Sam Mockford,"255 River St, Halifax, MA 02338",2,Planned,,2026-10-08 19:27,"499 Plymouth St, Halifax, MA 02338","499 Plymouth St, Halifax, MA 02338",Yes
HAL-20261008,Halifax,Volunteer 2 Test,bf8cae14694ee20e1dfd260200af7dbd,5,REQ-0029,Skyler Sampleton,"269 River St, Halifax, MA 02338",1,Planned,,2026-10-08 19:27,"499 Plymouth St, Halifax, MA 02338","499 Plymouth St, Halifax, MA 02338",Yes
HAL-20261008,Halifax,Volunteer 2 Test,bf8cae14694ee20e1dfd260200af7dbd,6,REQ-0032,Kendall Testwell,"106 Monponsett St, Halifax, MA 02338",1,Planned,,2026-10-08 19:27,"499 Plymouth St, Halifax, MA 02338","499 Plymouth St, Halifax, MA 02338",Yes
HAL-20261008,Halifax,Volunteer 2 Test,bf8cae14694ee20e1dfd260200af7dbd,7,REQ-0022,Sam Placeholder,"171 Monponsett St, Halifax, MA 02338",2,Planned,,2026-10-08 19:27,"499 Plymouth St, Halifax, MA 02338","499 Plymouth St, Halifax, MA 02338",Yes
HAL-20261008,Halifax,Volunteer 2 Test,bf8cae14694ee20e1dfd260200af7dbd,8,REQ-0026,Blake Exampleton,"395 Holmes St, Halifax, MA 02338",1,Planned,,2026-10-08 19:27,"499 Plymouth St, Halifax, MA 02338","499 Plymouth St, Halifax, MA 02338",Yes
HAL-20261008,Halifax,Volunteer 2 Test,bf8cae14694ee20e1dfd260200af7dbd,9,REQ-0033,Skyler Fakely,"376 Holmes St, Halifax, MA 02338",3,Planned,,2026-10-08 19:27,"499 Plymouth St, Halifax, MA 02338","499 Plymouth St, Halifax, MA 02338",Yes
HAL-20261008,Halifax,Volunteer 2 Test,bf8cae14694ee20e1dfd260200af7dbd,10,REQ-0027,Rowan Pilotson,"336 Holmes St, Halifax, MA 02338",1,Planned,,2026-10-08 19:27,"499 Plymouth St, Halifax, MA 02338","499 Plymouth St, Halifax, MA 02338",Yes
HAL-20261008,Halifax,Volunteer 2 Test,bf8cae14694ee20e1dfd260200af7dbd,11,REQ-0038,Sam Exampleton,"43 Holmes St, Halifax, MA 02338",3,Planned,,2026-10-08 19:27,"499 Plymouth St, Halifax, MA 02338","499 Plymouth St, Halifax, MA 02338",Yes
HAL-20261008,Halifax,Volunteer 2 Test,bf8cae14694ee20e1dfd260200af7dbd,12,REQ-0036,Drew Pilotson,"146 Plymouth St, Halifax, MA 02338",2,Planned,,2026-10-08 19:27,"499 Plymouth St, Halifax, MA 02338","499 Plymouth St, Halifax, MA 02338",Yes
HAN-20261008,Hanson,Volunteer 3 Test,8a977d6bd5efc76195a13501d046ef87,1,REQ-0058,Alex Synthwood,"392 Indian Head St, Hanson, MA 02341",1,Planned,,2026-10-08 19:27,"542 Liberty St, Hanson, MA 02341","542 Liberty St, Hanson, MA 02341",Yes
HAN-20261008,Hanson,Volunteer 3 Test,8a977d6bd5efc76195a13501d046ef87,2,REQ-0044,Hayden Exampleton,"365 Main St, Hanson, MA 02341",3,Planned,,2026-10-08 19:27,"542 Liberty St, Hanson, MA 02341","542 Liberty St, Hanson, MA 02341",Yes
HAN-20261008,Hanson,Volunteer 3 Test,8a977d6bd5efc76195a13501d046ef87,3,REQ-0041,Jamie Placeholder,"85 Pleasant St, Hanson, MA 02341",1,Planned,,2026-10-08 19:27,"542 Liberty St, Hanson, MA 02341","542 Liberty St, Hanson, MA 02341",Yes
HAN-20261008,Hanson,Volunteer 3 Test,8a977d6bd5efc76195a13501d046ef87,4,REQ-0048,Reese Pilotson,"279 Pleasant St, Hanson, MA 02341",1,Planned,,2026-10-08 19:27,"542 Liberty St, Hanson, MA 02341","542 Liberty St, Hanson, MA 02341",Yes
HAN-20261008,Hanson,Volunteer 3 Test,8a977d6bd5efc76195a13501d046ef87,5,REQ-0052,Kendall Synthwood,"36 High St, Hanson, MA 02341",1,Planned,,2026-10-08 19:27,"542 Liberty St, Hanson, MA 02341","542 Liberty St, Hanson, MA 02341",Yes
HAN-20261008,Hanson,Volunteer 3 Test,8a977d6bd5efc76195a13501d046ef87,6,REQ-0056,Parker Trialby,"263 High St, Hanson, MA 02341",1,Planned,,2026-10-08 19:27,"542 Liberty St, Hanson, MA 02341","542 Liberty St, Hanson, MA 02341",Yes
HAN-20261008,Hanson,Volunteer 3 Test,8a977d6bd5efc76195a13501d046ef87,7,REQ-0046,Quinn Trialby,"102 East Washington St, Hanson, MA 02341",1,Planned,,2026-10-08 19:27,"542 Liberty St, Hanson, MA 02341","542 Liberty St, Hanson, MA 02341",Yes
HAN-20261008,Hanson,Volunteer 3 Test,8a977d6bd5efc76195a13501d046ef87,8,REQ-0050,Drew Mockford,"76 East Washington St, Hanson, MA 02341",2,Planned,,2026-10-08 19:27,"542 Liberty St, Hanson, MA 02341","542 Liberty St, Hanson, MA 02341",Yes
HAN-20261008,Hanson,Volunteer 3 Test,8a977d6bd5efc76195a13501d046ef87,9,REQ-0042,Casey Exampleton,"83 East Washington St, Hanson, MA 02341",1,Planned,,2026-10-08 19:27,"542 Liberty St, Hanson, MA 02341","542 Liberty St, Hanson, MA 02341",Yes
HAN-20261008,Hanson,Volunteer 3 Test,8a977d6bd5efc76195a13501d046ef87,10,REQ-0045,Reese Trialby,"16 Spring St, Hanson, MA 02341",3,Planned,,2026-10-08 19:27,"542 Liberty St, Hanson, MA 02341","542 Liberty St, Hanson, MA 02341",Yes
HAN-20261008,Hanson,Volunteer 3 Test,8a977d6bd5efc76195a13501d046ef87,11,REQ-0057,Reese Pilotson,"59 Spring St, Hanson, MA 02341",3,Planned,,2026-10-08 19:27,"542 Liberty St, Hanson, MA 02341","542 Liberty St, Hanson, MA 02341",Yes
HAN-20261008,Hanson,Volunteer 3 Test,8a977d6bd5efc76195a13501d046ef87,12,REQ-0049,Jamie Pilotson,"285 Spring St, Hanson, MA 02341",1,Planned,,2026-10-08 19:27,"542 Liberty St, Hanson, MA 02341","542 Liberty St, Hanson, MA 02341",Yes
HAN-20261008,Hanson,Volunteer 3 Test,8a977d6bd5efc76195a13501d046ef87,13,REQ-0051,Drew Placeholder,"375 Spring St, Hanson, MA 02341",1,Planned,,2026-10-08 19:27,"542 Liberty St, Hanson, MA 02341","542 Liberty St, Hanson, MA 02341",Yes
HAN-20261008,Hanson,Volunteer 3 Test,8a977d6bd5efc76195a13501d046ef87,14,REQ-0047,Morgan Synthwood,"348 East Washington St, Hanson, MA 02341",1,Planned,,2026-10-08 19:27,"542 Liberty St, Hanson, MA 02341","542 Liberty St, Hanson, MA 02341",Yes
HAN-20261008,Hanson,Volunteer 3 Test,8a977d6bd5efc76195a13501d046ef87,15,REQ-0053,Robin Pilotson,"182 Winter St, Hanson, MA 02341",1,Planned,,2026-10-08 19:27,"542 Liberty St, Hanson, MA 02341","542 Liberty St, Hanson, MA 02341",Yes
HAN-20261008,Hanson,Volunteer 3 Test,8a977d6bd5efc76195a13501d046ef87,16,REQ-0055,Kendall Exampleton,"45 Winter St, Hanson, MA 02341",1,Planned,,2026-10-08 19:27,"542 Liberty St, Hanson, MA 02341","542 Liberty St, Hanson, MA 02341",Yes
MAR-20261008,Marshfield,Volunteer 4 Test,12129fa63c7b41e43ec6d63b6169d9c3,1,REQ-0071,Jordan Exampleton,"74 Moraine St, Marshfield, MA 02050",3,Planned,,2026-10-08 19:27,"870 Moraine St, Marshfield, MA 02050","870 Moraine St, Marshfield, MA 02050",Yes
MAR-20261008,Marshfield,Volunteer 4 Test,12129fa63c7b41e43ec6d63b6169d9c3,2,REQ-0066,Emerson Demoson,"204 Webster St, Marshfield, MA 02050",1,Planned,,2026-10-08 19:27,"870 Moraine St, Marshfield, MA 02050","870 Moraine St, Marshfield, MA 02050",Yes
MAR-20261008,Marshfield,Volunteer 4 Test,12129fa63c7b41e43ec6d63b6169d9c3,3,REQ-0079,Taylor Sampleton,"377 Careswell St, Marshfield, MA 02050",1,Planned,,2026-10-08 19:27,"870 Moraine St, Marshfield, MA 02050","870 Moraine St, Marshfield, MA 02050",Yes
MAR-20261008,Marshfield,Volunteer 4 Test,12129fa63c7b41e43ec6d63b6169d9c3,4,REQ-0080,Kendall Mockford,"274 Ocean St, Marshfield, MA 02050",2,Planned,,2026-10-08 19:27,"870 Moraine St, Marshfield, MA 02050","870 Moraine St, Marshfield, MA 02050",Yes
MAR-20261008,Marshfield,Volunteer 4 Test,12129fa63c7b41e43ec6d63b6169d9c3,5,REQ-0073,Rowan Trialby,"228 Main St, Marshfield, MA 02050",3,Planned,,2026-10-08 19:27,"870 Moraine St, Marshfield, MA 02050","870 Moraine St, Marshfield, MA 02050",Yes
MAR-20261008,Marshfield,Volunteer 4 Test,12129fa63c7b41e43ec6d63b6169d9c3,6,REQ-0062,Reese Pilotson,"327 Highland St, Marshfield, MA 02050",1,Planned,,2026-10-08 19:27,"870 Moraine St, Marshfield, MA 02050","870 Moraine St, Marshfield, MA 02050",Yes
MAR-20261008,Marshfield,Volunteer 4 Test,12129fa63c7b41e43ec6d63b6169d9c3,7,REQ-0068,Kendall Synthwood,"368 Furnace St, Marshfield, MA 02050",2,Planned,,2026-10-08 19:27,"870 Moraine St, Marshfield, MA 02050","870 Moraine St, Marshfield, MA 02050",Yes
MAR-20261008,Marshfield,Volunteer 4 Test,12129fa63c7b41e43ec6d63b6169d9c3,8,REQ-0067,Taylor Fakely,"223 Plain St, Marshfield, MA 02050",1,Planned,,2026-10-08 19:27,"870 Moraine St, Marshfield, MA 02050","870 Moraine St, Marshfield, MA 02050",Yes
PEM-20261008,Pembroke,Volunteer 5 Test,a8704abfe4c9110365a97a064a5c1cd4,1,REQ-0086,Jamie Trialby,"71 Washington St, Pembroke, MA 02359",2,Planned,,2026-10-08 19:27,"100 Center St, Pembroke, MA 02359","100 Center St, Pembroke, MA 02359",Yes
PEM-20261008,Pembroke,Volunteer 5 Test,a8704abfe4c9110365a97a064a5c1cd4,2,REQ-0094,Morgan Placeholder,"53 Mattakeesett St, Pembroke, MA 02359",3,Planned,,2026-10-08 19:27,"100 Center St, Pembroke, MA 02359","100 Center St, Pembroke, MA 02359",Yes
PEM-20261008,Pembroke,Volunteer 5 Test,a8704abfe4c9110365a97a064a5c1cd4,3,REQ-0085,Drew Synthwood,"71 Mattakeesett St, Pembroke, MA 02359",1,Planned,,2026-10-08 19:27,"100 Center St, Pembroke, MA 02359","100 Center St, Pembroke, MA 02359",Yes
PEM-20261008,Pembroke,Volunteer 5 Test,a8704abfe4c9110365a97a064a5c1cd4,4,REQ-0100,Morgan Synthwood,"78 Mattakeesett St, Pembroke, MA 02359",2,Planned,,2026-10-08 19:27,"100 Center St, Pembroke, MA 02359","100 Center St, Pembroke, MA 02359",Yes
PEM-20261008,Pembroke,Volunteer 5 Test,a8704abfe4c9110365a97a064a5c1cd4,5,REQ-0091,Blake Testwell,"29 Union St, Pembroke, MA 02359",1,Planned,,2026-10-08 19:27,"100 Center St, Pembroke, MA 02359","100 Center St, Pembroke, MA 02359",Yes
PEM-20261008,Pembroke,Volunteer 5 Test,a8704abfe4c9110365a97a064a5c1cd4,6,REQ-0082,Robin Testwell,"129 Plymouth St, Pembroke, MA 02359",1,Planned,,2026-10-08 19:27,"100 Center St, Pembroke, MA 02359","100 Center St, Pembroke, MA 02359",Yes
PEM-20261008,Pembroke,Volunteer 5 Test,a8704abfe4c9110365a97a064a5c1cd4,,REQ-0083,Skyler Demoson,"205 Union St, Pembroke, MA 02359",1,Unrouted,Address not matched by Census geocoder,2026-10-08 19:27,"100 Center St, Pembroke, MA 02359","100 Center St, Pembroke, MA 02359",Yes
PEM-20261008,Pembroke,Volunteer 5 Test,a8704abfe4c9110365a97a064a5c1cd4,,REQ-0088,Drew Demoson,"60 Quillfeather Way, Pembroke, MA 02359",3,Unrouted,Address not matched by Census geocoder,2026-10-08 19:27,"100 Center St, Pembroke, MA 02359","100 Center St, Pembroke, MA 02359",Yes
PEM-20261008,Pembroke,Volunteer 5 Test,a8704abfe4c9110365a97a064a5c1cd4,,REQ-0096,Drew Fakely,"393 Washington St, Pembroke, MA 02359",1,Unrouted,Address not matched by Census geocoder,2026-10-08 19:27,"100 Center St, Pembroke, MA 02359","100 Center St, Pembroke, MA 02359",Yes
PEM-20261008,Pembroke,Volunteer 5 Test,a8704abfe4c9110365a97a064a5c1cd4,,REQ-0098,Emerson Trialby,"145 Union St, Pembroke, MA 02359",2,Unrouted,Address not matched by Census geocoder,2026-10-08 19:27,"100 Center St, Pembroke, MA 02359","100 Center St, Pembroke, MA 02359",Yes
